student_id,age,gender,department,GPA,attendance_rate,financial_aid,parent_education_level,hours_studied_per_week,internet_access,dropout
S1000,22,Male,CS,3.3,56.83,Yes,Primary,13.4,Yes,No
S1001,19,Male,CS,4.28,64.55,No,Tertiary,10.9,Yes,No
S1002,28,Male,CS,3.9,49.83,Yes,Tertiary,9,Yes,No
S1003,26,Male,CE,2.36,85.07,Yes,Tertiary,7.1,Yes,No
S1004,23,Female,CE,3.24,57.82,No,Secondary,19.5,Yes,No
S1005,28,Female,ME,1.63,65.95,Yes,Tertiary,18.6,Yes,Yes
S1006,20,Female,EE,,47.74,No,Secondary,8.7,Yes,Yes
S1007,22,Male,BA,3.25,99.14,No,None,13.7,Yes,No
S1008,25,Female,BA,2.52,50.4,No,Secondary,12.6,Yes,No
S1009,18,Male,BA,3.22,83.95,Yes,Tertiary,17.9,Yes,No
S1010,22,Female,ME,2.99,59.92,,,13.9,Yes,No
S1011,26,Female,CE,3.43,44.44,No,None,11.9,Yes,No
S1012,26,Female,ME,2.66,85.98,No,,9.3,Yes,No
S1013,23,Male,BA,2.25,53.35,No,Tertiary,,No,No
S1014,20,Female,EE,4.18,90.56,No,Primary,10.3,Yes,No
S1015,19,Female,CS,2.6,94.07,Yes,Secondary,13.1,Yes,Yes
S1016,23,Male,CE,3.53,90.19,No,Primary,11.6,Yes,No
S1017,23,Female,CE,4.15,32.45,No,Tertiary,10.1,Yes,No
S1018,18,Male,ME,3.13,85.12,Yes,Primary,,Yes,No
S1019,21,Female,CE,2.31,58.79,,Secondary,14.6,Yes,No
S1020,20,Male,BA,2.86,91.16,No,Tertiary,12.2,Yes,No
S1021,17,Male,BA,3.81,74.66,Yes,Secondary,20.9,Yes,No
S1022,23,Female,ME,,88.36,Yes,Secondary,6.8,Yes,No
S1023,27,Male,BA,2.04,64.96,No,Secondary,15.1,Yes,No
S1024,29,Male,EE,3.48,67.45,Yes,Primary,11.6,Yes,No
S1025,21,Male,ME,3.62,40.11,Yes,Secondary,22.5,Yes,Yes
S1026,17,Male,EE,2.72,84.88,No,Primary,14.7,No,No
S1027,27,Male,CS,3.49,59.36,No,Secondary,13.6,Yes,Yes
S1028,20,Male,EE,3.2,65.01,No,Primary,11.6,Yes,No
S1029,16,Female,CS,2.84,84.96,No,Secondary,8.5,Yes,Yes
S1030,27,Male,CS,1.97,71.92,No,Tertiary,13.6,Yes,No
S1031,25,Male,EE,3.86,44.08,No,Tertiary,5.1,Yes,No
S1032,21,Female,ME,,71.32,Yes,Secondary,5.3,Yes,No
S1033,28,Female,BA,3.47,58.53,No,Primary,17.1,Yes,Yes
S1034,27,Female,BA,4.24,,No,Secondary,3.2,No,No
S1035,24,Female,CS,3.76,31.98,Yes,Tertiary,10.4,Yes,No
S1036,16,Female,CS,3.55,44.7,Yes,Primary,6.8,Yes,No
S1037,26,Female,ME,1.23,49.67,No,Tertiary,10,No,Yes
S1038,26,Female,CE,3.96,79.91,Yes,Secondary,12.9,Yes,No
S1039,25,Male,EE,,30.8,Yes,Tertiary,16.9,Yes,Yes
S1040,27,Male,CS,3.25,58.61,,Tertiary,18.1,Yes,No
S1041,27,Female,BA,3.26,94.68,No,Tertiary,7.4,No,No
S1042,29,Male,ME,3.62,37.83,No,Secondary,9.7,Yes,No
S1043,29,Male,EE,3.9,66.15,,None,32.3,Yes,No
S1044,29,Male,ME,3.51,85.06,Yes,Secondary,10.7,Yes,No
S1045,18,Female,EE,3.38,95.98,No,,7.6,Yes,No
S1046,27,Female,EE,3.19,82.27,No,None,8.4,Yes,Yes
S1047,22,Male,CS,0.32,80.44,Yes,Secondary,10.8,Yes,No
S1048,19,Female,ME,,87.85,No,Secondary,10,No,No
S1049,24,Male,ME,2.25,61.23,Yes,Secondary,10.8,Yes,No
S1050,18,Male,BA,3.97,86.41,No,Secondary,11.9,Yes,No
S1051,20,Male,BA,3.5,30.56,No,Primary,11.9,Yes,No
S1052,18,Male,CS,2.63,94.72,No,Tertiary,7.2,Yes,No
S1053,22,Female,CS,2.71,61.03,No,Primary,13.8,Yes,No
S1054,20,Female,CE,2.68,68.74,Yes,Secondary,12.6,No,Yes
S1055,24,Female,BA,2.67,47.84,No,,14.5,No,No
S1056,22,Male,EE,1.84,81.98,No,Tertiary,3.4,Yes,Yes
S1057,17,Female,ME,1.67,35.36,Yes,None,12.8,No,No
S1058,19,Male,CS,3.02,91.08,,Secondary,2.1,Yes,No
S1059,24,Female,ME,3.86,87.97,Yes,Secondary,11.1,Yes,No
S1060,27,Male,ME,2.57,45.12,No,Primary,15.3,Yes,No
S1061,29,Male,CE,3.24,86.65,No,Secondary,17.2,No,No
S1062,17,Male,BA,3.59,85.05,No,Tertiary,13.7,Yes,No
S1063,25,Female,CS,2.21,74.26,Yes,Tertiary,15.4,No,Yes
S1064,24,Female,ME,2.98,56.15,No,None,10.5,Yes,No
S1065,25,Female,CS,2.47,49,No,Primary,9.5,Yes,No
S1066,20,Female,EE,4.28,46.22,No,Secondary,25.5,Yes,No
S1067,17,Male,CE,4.25,52.3,Yes,Secondary,16.1,Yes,Yes
S1068,19,Female,EE,2.21,93.25,No,Primary,6.1,Yes,Yes
S1069,27,Female,CS,3.31,35.43,No,Primary,3.3,Yes,Yes
S1070,27,Male,CS,3.85,88.02,Yes,Tertiary,9.7,Yes,Yes
S1071,22,Male,BA,3.68,54.42,Yes,Tertiary,18,Yes,No
S1072,27,Male,ME,3.07,66.51,No,None,12.2,Yes,No
S1073,28,Female,ME,4.05,85.61,No,Secondary,,No,No
S1074,23,Male,EE,2.28,91.91,Yes,Secondary,11.1,Yes,No
S1075,18,Male,CE,2.76,54.13,Yes,Primary,12,Yes,No
S1076,29,Male,ME,2.3,62.33,Yes,Secondary,0,Yes,Yes
S1077,16,Female,BA,3.63,59.02,No,Secondary,12.1,Yes,No
S1078,19,Male,EE,2.53,30.93,No,Tertiary,6.9,Yes,No
S1079,17,Female,EE,2.86,,,Tertiary,2.8,Yes,Yes
S1080,23,Female,BA,3.49,62.14,No,Secondary,20,Yes,No
S1081,19,Male,CE,3.56,58.78,No,Secondary,6.7,Yes,No
S1082,17,Male,BA,2.27,80.54,Yes,Primary,8.7,Yes,Yes
S1083,29,Female,CE,3.85,56.94,Yes,Secondary,8.6,No,Yes
S1084,21,Male,BA,,64.26,Yes,Secondary,12,Yes,No
S1085,21,Male,BA,2.13,60.07,No,Primary,20.8,No,Yes
S1086,25,Female,CS,1.94,81.84,No,Primary,6,No,No
S1087,19,Female,EE,,90.41,Yes,Primary,,No,Yes
S1088,21,Male,BA,,67.23,Yes,Tertiary,12.6,No,No
S1089,28,Female,BA,3.7,85.26,No,Primary,7.7,Yes,No
S1090,17,Male,ME,3.28,50.78,No,Primary,10.4,Yes,No
S1091,25,Male,EE,3.04,67.9,Yes,Secondary,15,Yes,No
S1092,27,Male,ME,3.41,54.17,No,Secondary,8.2,Yes,No
S1093,17,Female,EE,2.32,58.99,,Primary,10.3,Yes,No
S1094,25,Male,ME,,81.27,Yes,Tertiary,9.8,Yes,No
S1095,29,Male,BA,4.34,91.72,No,Tertiary,11.5,No,Yes
S1096,19,Male,BA,3.34,38.5,Yes,Secondary,13.2,No,Yes
S1097,29,Female,CS,3.16,74.42,No,Secondary,14.9,Yes,No
S1098,23,Female,ME,2.67,70.75,No,None,21.7,Yes,No
S1099,29,Female,CE,3.42,38.29,No,Secondary,0,No,No
S1100,22,Female,CS,2.45,44.83,No,Tertiary,11.2,Yes,No
S1101,27,Female,ME,1.22,51.77,Yes,None,5.2,Yes,No
S1102,24,Male,ME,0.83,41.69,No,Primary,10.1,Yes,No
S1103,29,Female,CS,2.36,47.06,No,Secondary,16.4,Yes,No
S1104,23,Female,BA,3.13,48.73,No,Primary,18,Yes,Yes
S1105,20,Female,ME,3.27,53.5,No,Tertiary,18.2,No,No
S1106,28,Male,BA,2.61,82.46,No,Primary,,Yes,No
S1107,17,Female,CS,3.11,70.03,No,Tertiary,70,Yes,No
S1108,20,Female,BA,2.78,99.04,,Secondary,19,Yes,No
S1109,23,Male,EE,2.2,59.03,No,Tertiary,20,Yes,No
S1110,25,Female,CE,2.96,82.77,No,Secondary,12.7,No,No
S1111,24,Male,ME,3.65,91,No,Secondary,17.9,Yes,Yes
S1112,27,Male,CE,2.24,77.53,No,Tertiary,12.2,Yes,Yes
S1113,27,Male,BA,2.24,58.83,Yes,Secondary,19.1,Yes,No
S1114,27,Male,ME,2.14,82.75,Yes,Secondary,11.2,Yes,No
S1115,28,Male,BA,1.45,44.26,No,Secondary,9,Yes,No
S1116,24,Female,EE,2.62,,No,Tertiary,6.4,Yes,No
S1117,28,Male,CS,3.57,68.27,Yes,Secondary,11.1,Yes,Yes
S1118,28,Male,ME,3.14,,No,Tertiary,12.4,Yes,No
S1119,16,Female,EE,2.86,31.55,Yes,Primary,7.3,Yes,No
S1120,24,Male,EE,3.1,,No,Secondary,10.7,No,No
S1121,22,Female,ME,2.61,78.76,No,Tertiary,9.4,No,Yes
S1122,24,Female,BA,1.44,64.7,Yes,Secondary,6.6,Yes,No
S1123,23,Female,EE,3.63,95.32,,Tertiary,17.2,Yes,No
S1124,16,Male,CE,,60.74,Yes,Tertiary,18.1,Yes,No
S1125,27,Male,EE,2.42,98.63,No,Secondary,,Yes,No
S1126,23,Male,BA,2.88,65.86,Yes,Primary,11.6,Yes,No
S1127,23,Female,BA,2.81,38,Yes,None,11.9,Yes,No
S1128,26,Male,CE,3.28,,No,Tertiary,6.7,Yes,Yes
S1129,18,Male,EE,4.35,,No,Tertiary,14.1,Yes,No
S1130,16,Male,BA,3.93,84.11,No,Primary,12.8,Yes,No
S1131,23,Female,ME,2.7,,No,Primary,26.2,Yes,No
S1132,18,Female,CS,3.43,,Yes,None,17.4,Yes,Yes
S1133,18,Male,CS,4,72.79,No,Tertiary,,Yes,Yes
S1134,16,Male,CS,3.33,90.01,No,Secondary,11.8,Yes,No
S1135,26,Male,EE,3,77.13,No,Secondary,17,Yes,No
S1136,20,Male,CE,3.36,58.57,Yes,Secondary,7.4,Yes,No
S1137,25,Female,BA,2.44,91.99,No,Tertiary,17.7,Yes,No
S1138,22,Female,ME,2.55,45.53,No,Secondary,,No,No
S1139,25,Female,ME,2.15,80.02,No,Secondary,9.2,Yes,Yes
S1140,24,Female,EE,3.25,91.71,Yes,Primary,2.8,Yes,No
S1141,27,Male,CS,2.89,81.19,Yes,Secondary,15.1,Yes,No
S1142,22,Male,EE,2.34,78.81,Yes,Tertiary,13.2,No,No
S1143,24,Male,CE,2.87,82.68,Yes,Tertiary,9.2,Yes,No
S1144,23,Female,CE,3.38,62.55,No,Primary,7.4,Yes,No
S1145,27,Male,BA,4.53,91.19,Yes,None,18.9,No,No
S1146,17,Female,BA,3.81,44.24,No,None,11.3,Yes,Yes
S1147,16,Female,CE,1.17,38.92,Yes,Secondary,8.2,Yes,No
S1148,22,Male,CE,3.19,49.99,Yes,Tertiary,21.6,Yes,No
S1149,22,Male,CE,4.14,67.21,No,None,8.7,Yes,No
S1150,29,Male,EE,-2,65.74,Yes,Secondary,17.7,No,Yes
S1151,23,Female,CE,3.44,87.44,No,Secondary,6.2,Yes,Yes
S1152,20,Male,ME,2.81,58.32,No,None,10.2,Yes,No
S1153,18,Female,CS,3.92,63.9,Yes,Secondary,14.5,Yes,No
S1154,27,Male,CE,3.32,30.94,Yes,Primary,11.7,Yes,No
S1155,23,Female,CS,2.29,58.68,Yes,Secondary,13.2,Yes,No
S1156,21,Female,EE,2.84,75.34,Yes,Tertiary,9.3,Yes,No
S1157,26,Male,CS,2.89,31.09,Yes,Secondary,4,Yes,No
S1158,18,Female,EE,2.9,49.66,Yes,Primary,19.3,Yes,No
S1159,16,Female,ME,3.9,,Yes,Tertiary,9.6,Yes,No
S1160,18,Male,EE,2.33,32.94,No,Secondary,13.4,Yes,No
S1161,20,Female,EE,3.8,63.55,No,Tertiary,15.5,Yes,No
S1162,29,Male,BA,2.76,42.72,No,None,,Yes,No
S1163,18,Female,CE,3.18,82.02,Yes,None,8.5,Yes,Yes
S1164,16,Male,CE,3.06,89.35,Yes,None,17.8,Yes,No
S1165,20,Male,ME,2.98,68.19,No,Primary,14.6,Yes,No
S1166,25,Female,ME,,98.72,No,Secondary,13,Yes,Yes
S1167,22,Female,CE,4.17,61.53,No,Tertiary,12.9,Yes,No
S1168,29,Female,BA,3.67,65.94,Yes,Secondary,20.4,No,No
S1169,22,Female,CE,2.71,99.25,No,Primary,8.3,Yes,Yes
S1170,26,Female,BA,4.27,46.21,No,Secondary,14.1,Yes,Yes
S1171,24,Male,ME,3.22,95.98,Yes,Primary,9.4,Yes,No
S1172,25,Female,CS,3.29,33,No,Secondary,2.3,Yes,No
S1173,25,Male,ME,2.33,61.25,No,Secondary,,Yes,No
S1174,27,Male,ME,2.6,34.9,Yes,Tertiary,6.9,No,No
S1175,28,Female,EE,,81.05,Yes,Tertiary,8.7,Yes,No
S1176,18,Male,EE,3.07,72.59,No,Primary,22.9,Yes,No
S1177,22,Male,EE,3.51,79.46,No,Secondary,15.5,Yes,Yes
S1178,16,Male,EE,3.29,56.21,Yes,Tertiary,15.9,Yes,Yes
S1179,19,Male,BA,4.27,55.86,Yes,Tertiary,8.8,Yes,No
S1180,28,Female,CE,2.29,33.17,Yes,Secondary,,Yes,Yes
S1181,19,Male,CS,3.09,54.5,No,Tertiary,23.5,Yes,Yes
S1182,29,Female,ME,1.97,95.05,Yes,None,5.9,Yes,No
S1183,20,Female,BA,2.26,56.55,No,Tertiary,14.3,Yes,Yes
S1184,22,Male,CS,4.01,88.2,Yes,None,20.1,Yes,No
S1185,22,Female,BA,2.63,88.96,Yes,Secondary,16.8,Yes,No
S1186,28,Female,BA,,56.13,No,Tertiary,21,Yes,No
S1187,26,Female,ME,1.3,74.24,No,Primary,13.1,Yes,No
S1188,28,Male,CE,2.35,36.68,No,Secondary,15,No,Yes
S1189,19,Female,EE,2.84,37.26,No,Secondary,12.5,Yes,No
S1190,28,Female,CE,1.91,33.41,No,Tertiary,14.7,No,No
S1191,22,Female,ME,2.79,,Yes,Tertiary,7.4,No,No
S1192,26,Male,ME,4.02,59.82,No,,16,No,Yes
S1193,18,Female,ME,2.43,68.36,Yes,,13.5,Yes,No
S1194,21,Male,CS,2.25,66.48,No,Tertiary,12.3,Yes,Yes
S1195,27,Male,CE,2.1,54.51,No,Secondary,20.7,Yes,No
S1196,17,Male,CE,2.09,77.42,Yes,Secondary,10.7,Yes,No
S1197,25,Male,BA,3.43,83.1,No,Tertiary,18,Yes,Yes
S1198,28,Male,BA,3.04,31.02,Yes,Secondary,18.5,Yes,No
S1199,29,Male,BA,,44.51,Yes,None,16.3,Yes,No
S1200,24,Female,ME,4.62,79.93,No,None,7.2,Yes,No
S1201,20,Male,CE,1.54,57.06,Yes,Primary,13.8,No,No
S1202,21,Female,ME,3.3,76.37,No,Tertiary,21.8,Yes,No
S1203,27,Female,CS,2.11,54.29,Yes,Secondary,2.9,Yes,No
S1204,27,Male,BA,3.63,57.35,Yes,,11.1,Yes,Yes
S1205,27,Female,ME,2.78,41.11,Yes,Secondary,17.8,No,No
S1206,27,Female,ME,3.02,48.08,Yes,Primary,11.4,Yes,Yes
S1207,19,Female,CS,1.97,72.38,No,Secondary,16,Yes,No
S1208,29,Female,EE,2.66,60.32,No,Tertiary,19,Yes,No
S1209,29,Male,CE,3.07,84.2,No,Secondary,13.2,No,No
S1210,26,Female,EE,4.08,89.68,No,Tertiary,14.5,Yes,No
S1211,25,Male,BA,2.36,67.92,Yes,Secondary,12.5,Yes,No
S1212,22,Female,ME,2.56,83.08,No,Secondary,13.5,Yes,No
S1213,27,Female,CS,3.76,51.48,Yes,Secondary,22.5,Yes,No
S1214,24,Male,CS,2.31,59.05,Yes,Tertiary,11.7,Yes,No
S1215,22,Female,CE,,79.89,No,Tertiary,,No,No
S1216,29,Female,EE,2.99,57.03,Yes,None,17.2,No,No
S1217,16,Female,CE,3.24,,Yes,Secondary,7.8,Yes,Yes
S1218,16,Male,ME,3.29,42.98,No,Secondary,8.9,Yes,No
S1219,24,Female,CE,2.51,71.98,,Tertiary,9,Yes,No
S1220,26,Male,CS,3.31,90.31,No,Primary,10.7,Yes,No
S1221,29,Female,CS,2.38,90.8,Yes,Tertiary,10.9,Yes,No
S1222,24,Male,BA,2.6,80.7,Yes,Tertiary,15.5,Yes,No
S1223,19,Male,BA,3.45,82.2,No,Primary,10.3,Yes,No
S1224,28,Female,ME,3.23,69.05,Yes,Tertiary,15.7,Yes,No
S1225,24,Female,EE,,70.93,No,None,16.3,Yes,No
S1226,18,Male,CE,1.99,39.36,Yes,None,8.7,Yes,No
S1227,22,Male,ME,2.19,61.07,No,Primary,16.2,Yes,No
S1228,21,Female,BA,,,Yes,None,16.7,Yes,Yes
S1229,23,Male,CE,3.59,97.09,No,Tertiary,3.2,Yes,No
S1230,26,Female,BA,2.11,60.18,No,None,13.5,No,No
S1231,24,Female,CE,2.33,68.45,No,Primary,9.5,Yes,No
S1232,29,Female,EE,3.11,67.33,Yes,Primary,18.5,No,No
S1233,20,Female,ME,3.09,,No,,9.4,No,No
S1234,16,Male,CE,1.7,82.38,No,None,5.3,Yes,No
S1235,18,Female,CS,3.13,45.75,Yes,Secondary,11.9,Yes,No
S1236,25,Male,CS,2.52,67.01,No,Primary,7.5,Yes,No
S1237,27,Female,CE,4.31,87.81,Yes,Tertiary,16.2,No,No
S1238,23,Male,CE,3.2,62.42,Yes,Tertiary,8,No,No
S1239,26,Female,CE,6.5,49.49,No,None,11.9,Yes,No
S1240,21,Male,CS,3.36,75.83,Yes,Tertiary,19.7,Yes,No
S1241,23,Male,CS,2.03,87.66,No,None,17.5,Yes,No
S1242,24,Female,CE,4.56,34.42,Yes,Primary,14.4,Yes,No
S1243,19,Female,BA,1.7,84.38,No,None,11.4,Yes,No
S1244,16,Female,BA,3.64,87.52,No,Secondary,13.9,Yes,No
S1245,29,Female,EE,3.49,62.31,No,Secondary,15.4,Yes,No
S1246,16,Male,ME,2.62,98.83,Yes,Tertiary,7.1,Yes,No
S1247,25,Female,BA,3.53,85.07,Yes,Secondary,16.3,Yes,No
S1248,19,Male,CS,2.75,84.16,No,Tertiary,6.5,Yes,No
S1249,27,Male,BA,2.46,82.35,Yes,Primary,14.9,No,No
S1250,29,Female,EE,,40.54,,Tertiary,6.5,Yes,No
S1251,22,Male,EE,2.19,45.21,No,Primary,21.8,Yes,Yes
S1252,17,Male,ME,2.82,62.48,No,Primary,15.8,Yes,No
S1253,18,Male,BA,2.52,48.48,No,Primary,4.2,Yes,No
S1254,16,Male,CS,2.73,59.07,Yes,Primary,12,Yes,No
S1255,20,Female,CS,3.35,92.19,Yes,Secondary,9.4,Yes,No
S1256,16,Female,CE,2.52,87.7,Yes,Tertiary,8.8,Yes,No
S1257,23,Female,CS,2.85,74.1,No,None,12.7,Yes,No
S1258,16,Female,ME,2.6,90.07,No,Tertiary,7.4,Yes,No
S1259,26,Male,ME,4.16,84.86,No,Secondary,15.8,Yes,Yes
S1260,16,Male,CS,3.27,60.03,No,Tertiary,15.5,Yes,No
S1261,17,Female,CS,3.18,44.07,No,Primary,13.8,Yes,No
S1262,17,Female,CE,3.55,65.99,No,,11.9,Yes,No
S1263,27,Female,CS,2.52,81.54,Yes,,15.3,Yes,Yes
S1264,21,Male,CE,3.69,60.55,,Secondary,16,Yes,Yes
S1265,22,Female,CE,3.28,76.67,No,Secondary,14.3,Yes,No
S1266,20,Female,CS,1.75,36.6,No,Primary,5.4,Yes,Yes
S1267,16,Female,EE,1.86,82.36,No,Primary,8.1,Yes,Yes
S1268,16,Male,EE,2.54,86.89,No,Secondary,10.7,Yes,Yes
S1269,18,Male,CE,1.94,79.48,No,,4.6,Yes,No
S1270,29,Male,CS,2.81,97.71,No,Primary,13.1,No,No
S1271,17,Male,EE,2.19,87.87,No,Secondary,19.1,No,Yes
S1272,20,Male,CS,2.92,93.22,Yes,Secondary,18.3,Yes,Yes
S1273,27,Male,CS,4.13,95.35,Yes,,15.7,No,No
S1274,25,Male,CS,2.96,86.09,No,Secondary,15.6,Yes,No
S1275,21,Male,BA,2.76,77.2,No,Tertiary,23.1,Yes,Yes
S1276,22,Female,CS,3.31,30.4,Yes,Secondary,16.2,Yes,No
S1277,19,Female,BA,2.44,62.61,No,Tertiary,16.6,No,No
S1278,22,Male,CE,3.67,69.98,Yes,Primary,,Yes,No
S1279,26,Male,EE,3.4,51.28,,Primary,18.7,Yes,No
S1280,23,Female,EE,3.03,52.27,No,Primary,14,Yes,No
S1281,26,Male,EE,3.12,97.28,Yes,Primary,11.6,Yes,No
S1282,16,Male,EE,4.63,92.42,Yes,Primary,10.4,Yes,No
S1283,21,Male,EE,3.75,89.44,Yes,Primary,9.3,Yes,No
S1284,23,Female,EE,4.76,58.42,No,Tertiary,18.3,Yes,No
S1285,20,Female,EE,3.43,30.96,No,Primary,11.9,Yes,No
S1286,19,Female,CE,1.82,35.62,No,Tertiary,9.4,Yes,No
S1287,17,Female,CS,2.79,51.85,No,None,8.1,Yes,No
S1288,21,Female,ME,1.64,31.1,Yes,,12.9,Yes,Yes
S1289,21,Male,BA,3.42,31.2,No,Tertiary,10.2,Yes,No
S1290,26,Female,ME,3.6,94.16,Yes,,9.1,No,Yes
S1291,16,Male,ME,,79.43,No,Tertiary,5.1,Yes,No
S1292,24,Male,CS,2.48,51.63,No,Secondary,16.8,Yes,Yes
S1293,27,Female,CS,3.12,39.29,,Tertiary,70,Yes,No
S1294,26,Female,CS,2.04,65.81,Yes,Secondary,6.6,Yes,Yes
S1295,21,Male,EE,1.98,30.37,No,Secondary,10.6,No,No
S1296,28,Male,CE,3.99,95.69,Yes,Tertiary,14.7,Yes,No
S1297,18,Male,EE,3.09,59.04,Yes,Secondary,12.1,Yes,No
S1298,19,Female,CE,2.55,58.16,No,None,13,Yes,No
S1299,27,Female,CE,1.65,57.34,Yes,Tertiary,12.2,Yes,No
S1300,26,Female,ME,3.68,34.85,No,Secondary,5.6,Yes,No
S1301,19,Female,ME,2.45,74.68,Yes,Secondary,16.7,Yes,No
S1302,18,Female,CE,4.49,81.31,Yes,None,3.5,Yes,No
S1303,25,Male,CE,3.69,,No,Secondary,14.3,Yes,No
S1304,18,Female,EE,2.35,39.69,No,Tertiary,15.1,Yes,No
S1305,18,Male,EE,2.43,70.52,No,Primary,10.9,Yes,No
S1306,19,Male,ME,4.38,69.86,No,Secondary,13.8,Yes,Yes
S1307,22,Male,CS,2.93,90.79,No,Secondary,10.6,Yes,No
S1308,19,Female,CE,2.59,56.54,Yes,Tertiary,13.8,Yes,No
S1309,24,Female,EE,3.02,56,No,Secondary,17,Yes,No
S1310,16,Female,ME,2.59,73.3,No,Secondary,8,Yes,No
S1311,23,Male,EE,3.19,74.32,No,Tertiary,15.4,Yes,No
S1312,22,Male,CE,2.94,62.85,No,Secondary,20.5,Yes,No
S1313,17,Male,CE,3.7,61.01,No,Primary,13.3,Yes,Yes
S1314,23,Male,BA,2.69,64.59,No,None,9.5,Yes,Yes
S1315,16,Male,CS,2.29,90.27,,Secondary,,Yes,No
S1316,26,Male,BA,2.72,62.28,,Primary,12.4,Yes,No
S1317,27,Female,ME,2.72,95.8,Yes,,,Yes,No
S1318,24,Female,EE,2.94,65.28,No,Tertiary,13.3,Yes,No
S1319,24,Female,ME,3.51,96.44,Yes,None,14.2,Yes,No
S1320,17,Female,CE,3.46,88.3,No,Tertiary,10.3,Yes,No
S1321,22,Male,BA,3.96,55.37,Yes,Primary,,Yes,No
S1322,29,Male,BA,2.35,90.45,No,Tertiary,16.8,No,No
S1323,25,Female,BA,3.31,37.7,Yes,Tertiary,10.1,Yes,No
S1324,18,Male,ME,3.58,94.75,Yes,None,9.9,Yes,No
S1325,22,Female,CE,2.46,74.22,No,Secondary,10.5,Yes,Yes
S1326,27,Female,EE,2.83,33.81,No,Primary,6.5,Yes,No
S1327,25,Female,EE,1.6,75.1,No,Tertiary,8.6,Yes,No
S1328,24,Male,ME,3.73,98.2,No,Tertiary,8.4,Yes,Yes
S1329,19,Female,BA,2.83,,No,Secondary,12,No,No
S1330,27,Female,CS,3.65,68.83,No,Secondary,16.2,Yes,No
S1331,16,Female,ME,3.16,,No,Secondary,19.3,Yes,No
S1332,17,Male,ME,2.85,86.72,Yes,Tertiary,12.3,No,No
S1333,16,Male,CE,1.73,58.97,No,Secondary,14.3,Yes,No
S1334,29,Female,EE,6.5,44.29,No,Primary,13.2,Yes,No
S1335,27,Male,ME,0.93,32.96,No,Secondary,1.5,Yes,Yes
S1336,20,Male,ME,2.55,70.58,Yes,None,6.3,Yes,No
S1337,20,Male,BA,4.82,61.7,,Tertiary,15.8,Yes,No
S1338,26,Male,BA,1.97,96.41,No,None,16.3,Yes,Yes
S1339,22,Male,CS,0.89,34.24,No,Secondary,16.2,Yes,No
S1340,24,Male,CE,3.77,77.98,Yes,Primary,11.1,Yes,Yes
S1341,24,Male,CS,4.89,31.75,No,Primary,2,No,No
S1342,18,Male,BA,3.24,42,Yes,Secondary,6.9,Yes,Yes
S1343,18,Male,EE,3.23,61.75,Yes,Tertiary,60,Yes,No
S1344,18,Male,BA,2.75,61.84,,Tertiary,15.1,Yes,No
S1345,19,Female,CE,1.56,78,No,Primary,10.2,Yes,No
S1346,23,Female,BA,1.84,93.71,No,Primary,20.5,No,No
S1347,21,Male,CE,2.75,74.73,No,Tertiary,19.3,Yes,No
S1348,23,Female,CE,2.59,96.75,Yes,Secondary,20.4,Yes,No
S1349,16,Female,CE,2.91,91.71,Yes,Primary,7.4,Yes,Yes
S1350,23,Male,CE,3.66,70.91,No,Tertiary,14.5,No,No
S1351,19,Male,CE,2.53,88.37,Yes,Tertiary,9.6,Yes,No
S1352,26,Male,EE,3.68,74.98,Yes,Tertiary,13.6,Yes,No
S1353,16,Female,CS,2.54,35.5,Yes,,8,Yes,Yes
S1354,23,Female,ME,3.83,81.84,Yes,Tertiary,18.1,No,No
S1355,19,Male,CS,3.07,36.64,No,None,8.1,Yes,No
S1356,21,Male,CE,2.65,71.59,Yes,Primary,2.3,Yes,No
S1357,23,Male,EE,3.06,79.18,No,Secondary,22.2,Yes,No
S1358,19,Female,BA,2.77,34.66,Yes,Secondary,14.2,Yes,Yes
S1359,29,Female,EE,3.09,46.16,No,,6.7,Yes,No
S1360,18,Female,CE,3.61,94.1,Yes,Secondary,70,No,No
S1361,29,Female,EE,2.93,73.14,No,Secondary,9.1,No,Yes
S1362,24,Male,EE,2.7,47.24,No,Secondary,12,No,No
S1363,18,Male,CE,2.1,78.35,Yes,None,16,Yes,Yes
S1364,24,Male,EE,3.46,71.77,No,Primary,15.2,Yes,Yes
S1365,28,Male,ME,3.28,65.11,Yes,Secondary,13.3,Yes,No
S1366,17,Female,ME,2.05,98.33,No,Tertiary,12,Yes,No
S1367,29,Female,EE,3.67,77.84,Yes,Primary,17.4,Yes,No
S1368,17,Male,BA,2.04,56.28,No,Secondary,2.4,Yes,No
S1369,17,Male,CE,3.82,86.01,Yes,Tertiary,8.3,No,No
S1370,21,Female,ME,3.55,91.92,No,Secondary,7.1,Yes,Yes
S1371,18,Male,BA,3.34,38.77,Yes,,17,No,No
S1372,28,Female,EE,2.7,44.04,Yes,Secondary,8.3,Yes,No
S1373,24,Male,BA,3.46,45.14,No,Primary,5.6,Yes,No
S1374,19,Male,CS,3.86,78.38,No,Tertiary,14.7,Yes,Yes
S1375,16,Male,ME,3.47,72.21,Yes,Primary,,Yes,No
S1376,19,Male,EE,2.46,73.33,Yes,Secondary,10.2,Yes,No
S1377,16,Male,CE,3.21,95.85,Yes,None,23.9,No,No
S1378,29,Male,EE,3.91,84.31,Yes,Secondary,15.9,Yes,No
S1379,20,Male,CE,4.76,38.96,Yes,Secondary,10.9,Yes,No
S1380,19,Female,EE,,54.33,No,Primary,11.4,Yes,Yes
S1381,23,Female,BA,3.69,60.48,Yes,Secondary,16.5,Yes,No
S1382,23,Female,BA,3.91,57.72,Yes,Primary,15.3,Yes,No
S1383,22,Female,BA,2.35,76.85,No,Secondary,12.4,Yes,Yes
S1384,18,Female,CS,4.43,92.43,Yes,Secondary,12.5,No,Yes
S1385,16,Male,CE,2.15,51.42,Yes,Secondary,4.6,Yes,Yes
S1386,16,Male,BA,3.65,68.63,Yes,Tertiary,3.5,Yes,Yes
S1387,27,Female,CS,3.24,85.26,No,Secondary,11.1,Yes,No
S1388,26,Male,CE,3.04,,Yes,Secondary,8.8,Yes,No
S1389,18,Female,EE,5,41.77,No,None,14.9,No,No
S1390,21,Female,CS,2.76,63.25,Yes,Secondary,13,Yes,No
S1391,22,Male,ME,2.75,33.87,No,Tertiary,8.1,No,No
S1392,21,Male,CS,4.07,95.97,Yes,Primary,12.8,Yes,No
S1393,29,Male,CS,3.61,35.24,No,Tertiary,9.9,Yes,Yes
S1394,29,Female,CE,4.03,60.69,No,Primary,22.3,No,No
S1395,21,Male,EE,3.09,67.09,No,Tertiary,13.9,Yes,No
S1396,21,Female,ME,3.25,98.97,Yes,None,4.2,Yes,Yes
S1397,28,Female,BA,4.52,41.62,Yes,Tertiary,21.1,Yes,No
S1398,18,Female,BA,2.33,38.01,Yes,Secondary,8.8,Yes,No
S1399,21,Male,CS,2.92,30.61,Yes,Primary,7.1,Yes,No
S1400,23,Male,CE,3.64,40.89,Yes,Primary,,Yes,Yes
S1401,26,Female,CE,2.84,44.51,No,Secondary,13.7,Yes,No
S1402,26,Male,BA,2.54,74.14,Yes,Tertiary,15.5,Yes,No
S1403,17,Male,ME,3.49,45.38,No,Primary,15.7,No,No
S1404,20,Male,EE,4.07,31.44,No,Primary,11,Yes,Yes
S1405,29,Female,ME,,87.86,No,Secondary,9.1,Yes,No
S1406,16,Female,EE,,55.59,Yes,Secondary,10,Yes,Yes
S1407,27,Male,BA,2.48,54.76,,Secondary,20,Yes,No
S1408,16,Female,EE,2.76,51.17,Yes,Secondary,13,Yes,No
S1409,20,Male,CE,3.87,98.28,No,Primary,18.6,Yes,Yes
S1410,27,Male,CS,3.06,41.91,No,Tertiary,11.6,Yes,Yes
S1411,28,Male,CS,2.36,,No,Secondary,8.2,Yes,No
S1412,18,Male,BA,3.21,84.38,No,Primary,4.8,Yes,No
S1413,19,Female,CE,3.84,35.35,Yes,Tertiary,,Yes,Yes
S1414,18,Female,ME,2.55,99.07,Yes,Secondary,20.5,Yes,No
S1415,16,Female,CE,1.94,49,No,Secondary,7.6,Yes,No
S1416,16,Male,CS,4.75,36.9,Yes,Secondary,14.6,Yes,No
S1417,27,Male,CS,1.9,88.05,No,Primary,5.1,Yes,Yes
S1418,27,Male,CE,2.71,79.47,Yes,Secondary,9.2,No,No
S1419,29,Female,CE,3.19,73.21,Yes,Tertiary,13.3,Yes,No
S1420,28,Male,CS,2.78,40.92,Yes,Primary,3.4,Yes,No
S1421,29,Female,ME,2.94,63.49,Yes,Secondary,11.9,Yes,No
S1422,20,Female,BA,3.46,84.64,No,Tertiary,7.8,No,Yes
S1423,21,Female,BA,1.09,51.25,No,Tertiary,15,No,No
S1424,18,Female,CE,1.99,51.82,No,Secondary,11.2,Yes,No
S1425,27,Female,BA,3.04,30.22,No,Secondary,16.7,Yes,No
S1426,24,Female,CS,2.68,42.2,No,Secondary,,Yes,No
S1427,20,Male,CS,3.1,91.28,No,Tertiary,5.2,Yes,No
S1428,23,Male,CE,3.18,60.92,Yes,Tertiary,4.6,Yes,Yes
S1429,28,Female,CE,1.31,98.9,No,Primary,2.5,Yes,No
S1430,16,Female,CE,4.02,57.7,Yes,Secondary,15.2,Yes,Yes
S1431,29,Male,ME,2.6,80.06,Yes,Secondary,,Yes,No
S1432,20,Female,BA,2.31,49.73,No,Tertiary,14.2,Yes,No
S1433,18,Female,CE,3.17,55.47,Yes,Secondary,20.4,Yes,No
S1434,27,Male,EE,3.09,43.35,Yes,Secondary,17.7,No,No
S1435,16,Female,EE,3.96,54.29,Yes,Tertiary,9.4,Yes,No
S1436,19,Female,CS,3.22,68.31,Yes,None,18.3,Yes,No
S1437,28,Female,BA,3.93,99.42,No,Primary,9.6,Yes,No
S1438,20,Male,CE,,76.49,Yes,Secondary,9.7,Yes,No
S1439,22,Male,EE,3.11,43.95,Yes,Secondary,11,Yes,No
S1440,16,Male,BA,2.11,33.15,No,None,,Yes,Yes
S1441,18,Female,CS,3.08,38.84,Yes,None,15.3,Yes,Yes
S1442,17,Female,ME,2.91,69.38,No,Secondary,8.6,Yes,Yes
S1443,24,Male,BA,2.87,83.56,Yes,Tertiary,,Yes,Yes
S1444,25,Female,BA,2.88,95.83,No,Secondary,16.4,No,No
S1445,21,Female,ME,3.59,31.11,No,Secondary,13.7,Yes,No
S1446,25,Female,BA,1.71,66.59,No,Primary,21.7,No,No
S1447,18,Female,CS,2.28,62.96,No,,,Yes,Yes
S1448,23,Female,CS,2.97,75.92,No,,17.3,Yes,No
S1449,29,Male,ME,2.06,69.17,Yes,Secondary,12.3,Yes,No
S1450,23,Female,CE,3.04,78.09,,Primary,13.8,Yes,Yes
S1451,17,Male,EE,2.96,76.07,Yes,None,14.6,Yes,No
S1452,21,Female,CE,1.88,38.19,No,None,12.1,Yes,No
S1453,22,Male,BA,1.84,85.98,Yes,Secondary,10.1,Yes,No
S1454,17,Female,EE,0.9,38.63,Yes,Tertiary,60,Yes,No
S1455,26,Male,ME,2.02,,Yes,Tertiary,15.6,Yes,No
S1456,25,Female,ME,3.01,59.13,Yes,,17.2,No,Yes
S1457,17,Male,EE,3.12,65.97,Yes,Tertiary,6.2,Yes,No
S1458,25,Female,CS,,93.23,No,Tertiary,15,Yes,Yes
S1459,16,Male,EE,2.38,92.29,No,Primary,9,Yes,No
S1460,23,Female,BA,2.99,87.25,No,Secondary,10.2,Yes,No
S1461,16,Male,CS,3.32,65.71,No,Tertiary,,Yes,No
S1462,24,Male,ME,1.99,81.54,Yes,Secondary,7,Yes,No
S1463,26,Female,EE,3.1,65.9,Yes,,7,Yes,No
S1464,21,Female,CE,3.53,90.87,,Tertiary,21,Yes,Yes
S1465,22,Male,CE,2.61,58.19,Yes,Secondary,11.3,No,No
S1466,28,Female,BA,3.85,97.92,No,Tertiary,18.2,Yes,No
S1467,25,Male,CE,2.63,95.26,Yes,Tertiary,4,Yes,No
S1468,22,Male,EE,2.31,81.91,Yes,Secondary,4.4,Yes,No
S1469,25,Male,EE,3.45,49.56,No,Secondary,7.4,Yes,Yes
S1470,18,Female,CE,4.63,39.22,No,None,9.6,Yes,Yes
S1471,17,Male,EE,3.07,89.83,No,Secondary,5,Yes,No
S1472,24,Male,BA,3.51,41.57,No,Secondary,13.8,No,No
S1473,23,Female,CS,2.59,89.8,No,Primary,14.2,Yes,Yes
S1474,28,Female,BA,2.01,64.35,Yes,None,7.5,Yes,No
S1475,27,Female,BA,3.13,58.46,No,Primary,7.9,Yes,No
S1476,25,Female,EE,3.26,93.22,Yes,Tertiary,8.6,Yes,Yes
S1477,22,Male,CS,2.71,72.27,No,Tertiary,6.2,Yes,No
S1478,24,Male,EE,3.5,70.36,No,Tertiary,0,Yes,No
S1479,19,Male,ME,2.48,,Yes,Secondary,11.6,Yes,No
S1480,28,Male,EE,2.28,55.98,No,Tertiary,9.8,Yes,No
S1481,19,Female,EE,3.85,85,No,Tertiary,10.4,Yes,No
S1482,16,Male,EE,3.85,,Yes,Secondary,6.9,Yes,No
S1483,23,Male,CS,2.49,95.72,No,Secondary,16.1,Yes,Yes
S1484,29,Female,EE,4.38,92.58,,Primary,24.1,Yes,Yes
S1485,29,Male,CS,2.77,53.62,,Tertiary,7.8,No,No
S1486,27,Male,CE,3.07,81.06,No,Secondary,19,Yes,No
S1487,18,Male,ME,2.93,70.13,No,Secondary,13.8,Yes,Yes
S1488,22,Male,CS,3.42,53.64,,Secondary,12.2,Yes,No
S1489,27,Male,CE,3.22,99.2,No,Secondary,60,Yes,Yes
S1490,17,Male,CS,3.21,31.77,No,Primary,11.6,Yes,No
S1491,17,Female,CS,,47.69,Yes,Secondary,17.7,Yes,No
S1492,22,Female,ME,1.65,66.41,No,None,6.3,Yes,No
S1493,21,Male,BA,3.91,66.54,Yes,Tertiary,10.6,No,No
S1494,18,Male,BA,2.56,71.23,No,Secondary,18.2,No,Yes
S1495,24,Female,CS,2.96,82.62,Yes,Secondary,16.9,Yes,No
S1496,25,Male,EE,3.26,73.64,Yes,Secondary,6.4,Yes,No
S1497,29,Male,CE,4.3,72.02,No,Secondary,11.1,Yes,No
S1498,28,Male,EE,3.13,33.75,Yes,,15.6,Yes,Yes
S1499,21,Female,EE,2.68,56.36,Yes,Secondary,15.3,Yes,No
S1500,25,Male,CS,2.58,46.24,Yes,Tertiary,16.9,Yes,Yes
S1501,25,Female,CS,2.97,48.58,Yes,Tertiary,13.9,Yes,No
S1502,21,Male,CS,2.27,,Yes,Tertiary,14.8,Yes,No
S1503,16,Female,CS,3.02,43.97,Yes,Primary,13.7,Yes,No
S1504,19,Female,BA,2.96,50.58,No,Secondary,70,Yes,No
S1505,25,Male,CS,4.31,46.6,Yes,Tertiary,9.9,Yes,Yes
S1506,21,Female,BA,2.93,96.4,No,,12.2,Yes,Yes
S1507,21,Male,BA,1.46,96.13,Yes,Primary,6.9,Yes,No
S1508,26,Female,CS,5,72.7,No,Secondary,5.9,Yes,Yes
S1509,27,Male,ME,3.77,94.72,No,Primary,13.6,Yes,Yes
S1510,20,Male,CE,4.67,85.01,,Primary,8.4,Yes,No
S1511,16,Female,EE,2.07,71.3,No,Tertiary,11.7,Yes,Yes
S1512,23,Male,BA,2.82,30.45,No,Secondary,20.1,Yes,No
S1513,20,Male,CE,3.54,84.08,No,Primary,19.8,Yes,Yes
S1514,27,Female,ME,3.43,79.17,No,Tertiary,23.1,Yes,No
S1515,27,Male,EE,3.25,73.07,Yes,Tertiary,20.2,Yes,No
S1516,27,Male,EE,1.24,83.23,No,Secondary,24,Yes,No
S1517,20,Female,BA,1.63,65.9,No,Primary,14.2,Yes,Yes
S1518,22,Female,CS,4.21,79.29,No,Tertiary,7.5,Yes,No
S1519,19,Male,ME,4.36,95.46,Yes,Tertiary,7,No,No
S1520,21,Male,BA,2.91,56.31,No,Secondary,19,Yes,No
S1521,28,Female,ME,4.11,79.57,,Tertiary,12.3,Yes,No
S1522,19,Female,CS,2.18,63.3,Yes,Secondary,12.6,Yes,No
S1523,29,Male,CS,2.36,77.21,Yes,Primary,9.3,Yes,Yes
S1524,18,Female,BA,2.12,83.4,Yes,Secondary,9.9,Yes,No
S1525,22,Male,CS,2.32,33.18,No,Secondary,13.9,Yes,No
S1526,23,Male,CE,3.58,75.26,No,Tertiary,6.7,Yes,No
S1527,19,Male,EE,2.31,45.87,No,Secondary,13.3,Yes,Yes
S1528,28,Male,BA,4.79,76.9,No,None,19.6,Yes,No
S1529,17,Male,ME,3.37,62.78,No,Secondary,1.3,Yes,No
S1530,27,Female,CE,3.87,84.15,Yes,Secondary,4.3,No,Yes
S1531,25,Female,BA,3.39,38.64,No,Secondary,15.4,Yes,Yes
S1532,29,Female,CS,,73.84,No,Secondary,18.8,Yes,Yes
S1533,18,Female,CS,2.31,49.49,No,Secondary,9.6,Yes,No
S1534,16,Male,CS,4.16,89.71,No,Tertiary,2,Yes,Yes
S1535,23,Male,CS,3.11,94.99,No,None,19.2,No,No
S1536,18,Male,ME,3.97,99.75,No,Secondary,7.9,No,No
S1537,27,Male,CE,1.85,85.72,No,Tertiary,,Yes,No
S1538,25,Female,EE,3.14,82.76,No,,13.6,Yes,No
S1539,22,Male,ME,,45.09,No,Secondary,8.7,Yes,Yes
S1540,25,Male,ME,2.5,53.52,Yes,Tertiary,7.6,Yes,No
S1541,20,Female,EE,,62.6,Yes,Primary,7.7,Yes,No
S1542,25,Female,EE,4.23,84.14,Yes,None,21.3,No,No
S1543,20,Female,CS,2.44,94.05,No,Secondary,17.8,No,Yes
S1544,29,Female,ME,3.77,43.24,Yes,None,14.9,No,No
S1545,22,Male,BA,2.1,94.57,Yes,Tertiary,1.1,Yes,No
S1546,24,Male,EE,4.69,78.69,Yes,Primary,14.9,Yes,No
S1547,27,Female,EE,3.63,72.75,Yes,Tertiary,14.6,Yes,No
S1548,20,Male,CE,4.38,43.99,No,Tertiary,,Yes,No
S1549,16,Male,BA,3.54,33.89,Yes,Primary,13.3,Yes,Yes
S1550,25,Male,BA,3.31,69.79,No,Secondary,17.3,Yes,No
S1551,25,Female,EE,3.63,75.61,No,None,14.8,Yes,No
S1552,16,Male,CS,,44.75,No,Secondary,8.6,Yes,No
S1553,17,Female,CE,1.71,68.95,Yes,None,12.1,No,Yes
S1554,29,Male,BA,3.36,89.95,No,Tertiary,15.7,No,No
S1555,21,Male,EE,2.4,,No,Tertiary,12.3,No,Yes
S1556,24,Male,BA,6.5,94.91,No,Primary,18.3,Yes,No
S1557,23,Female,CE,3.51,55.61,No,Primary,14,Yes,No
S1558,28,Male,CE,2.78,52.26,Yes,Tertiary,15.8,Yes,Yes
S1559,20,Female,ME,3.82,82.46,Yes,,16.1,Yes,No
S1560,16,Female,EE,2.37,60.18,Yes,Tertiary,6.7,No,No
S1561,28,Female,CE,2.62,36.13,No,Secondary,12.2,No,No
S1562,22,Male,ME,3.92,49.8,Yes,Secondary,10.3,Yes,No
S1563,20,Male,ME,3.22,59.3,Yes,Tertiary,17.2,Yes,No
S1564,21,Male,BA,1.82,50.48,No,Secondary,14.3,Yes,No
S1565,28,Male,BA,3.21,53.25,Yes,Tertiary,11.1,Yes,Yes
S1566,22,Female,ME,4.18,50.56,Yes,Tertiary,,No,No
S1567,18,Female,BA,2.62,32.9,No,Primary,4,Yes,No
S1568,27,Female,CE,3.48,74.6,Yes,,13.6,Yes,No
S1569,25,Male,CS,2.32,71.81,Yes,Tertiary,8.4,Yes,No
S1570,18,Female,CE,2.89,75.74,,Tertiary,15.3,Yes,No
S1571,20,Male,ME,3.87,43.46,No,None,3.8,Yes,No
S1572,21,Female,ME,3.18,50.7,No,Tertiary,20,No,Yes
S1573,24,Male,CE,4.03,73.37,No,Secondary,15.3,Yes,No
S1574,28,Male,BA,,71.97,No,Primary,12.5,Yes,No
S1575,29,Female,BA,4.77,65.44,No,Tertiary,20.4,Yes,No
S1576,27,Female,ME,1.75,54.53,No,Primary,16.7,Yes,No
S1577,20,Female,EE,2.83,93.91,No,Tertiary,,Yes,No
S1578,16,Female,BA,2.13,53.78,No,Primary,12.4,Yes,No
S1579,29,Male,CE,2.19,61.89,No,Secondary,2.2,Yes,No
S1580,29,Female,BA,2.19,,Yes,Primary,17.3,Yes,No
S1581,29,Female,CE,3.13,68.01,Yes,Secondary,10.5,Yes,No
S1582,19,Female,ME,3.18,54.28,Yes,Secondary,2.1,Yes,No
S1583,20,Male,BA,3.34,60.5,No,Primary,6.1,Yes,No
S1584,27,Male,CE,2.1,85.61,No,Secondary,16.4,Yes,No
S1585,25,Female,ME,2.74,49.47,No,Secondary,20.1,Yes,No
S1586,25,Male,EE,2.23,39.96,Yes,None,12.1,Yes,No
S1587,20,Female,CE,3.75,51.92,No,Tertiary,,Yes,No
S1588,22,Male,EE,2.3,,Yes,,,Yes,No
S1589,19,Male,EE,2.83,36.23,Yes,Secondary,19.1,No,No
S1590,16,Male,CS,3.45,99.42,Yes,Secondary,14.2,Yes,No
S1591,29,Male,BA,2.51,67.87,No,Secondary,10.3,Yes,No
S1592,29,Female,CE,3.56,98.94,No,Primary,9.2,No,Yes
S1593,20,Female,EE,4.28,95.73,No,Secondary,15.4,Yes,No
S1594,22,Female,CS,3.15,61.7,Yes,Secondary,15.2,Yes,No
S1595,25,Male,ME,3.72,43.89,No,Tertiary,7.5,Yes,No
S1596,25,Female,CE,1.34,41.54,No,Tertiary,6.3,Yes,No
S1597,21,Female,EE,2.66,46.8,Yes,Secondary,6.5,Yes,Yes
S1598,20,Female,BA,3.15,79.71,No,None,9.7,Yes,Yes
S1599,19,Male,CS,2.16,49.11,No,Primary,8.6,Yes,No
S1600,17,Male,EE,,53.9,No,Primary,20.1,No,No
S1601,19,Male,BA,3.85,61.41,No,Primary,9.5,Yes,No
S1602,25,Female,EE,1.5,,No,Secondary,5.8,Yes,No
S1603,25,Female,CE,2.05,43.26,Yes,Primary,6,Yes,No
S1604,18,Female,CE,3.15,30.35,No,Primary,11.1,Yes,No
S1605,25,Male,CE,3.37,34.21,Yes,None,2.9,Yes,Yes
S1606,16,Male,CS,3.59,93.33,Yes,None,11.7,Yes,Yes
S1607,23,Female,CE,3.09,75.33,Yes,Primary,5.3,Yes,No
S1608,20,Male,BA,3.37,49.11,No,Primary,17.8,Yes,No
S1609,28,Male,EE,3.72,42.4,No,Secondary,12.6,Yes,No
S1610,19,Male,ME,,50.6,Yes,Secondary,22.6,Yes,No
S1611,23,Male,BA,2.51,38.04,No,Primary,10.9,Yes,No
S1612,22,Female,BA,2.87,95.91,No,,0,Yes,Yes
S1613,17,Male,CE,3.16,84.89,Yes,Secondary,,Yes,No
S1614,16,Male,CS,2.47,62.37,Yes,Primary,14.5,Yes,No
S1615,27,Male,EE,2.68,90.55,No,None,15.3,Yes,No
S1616,26,Male,CS,3.32,47.46,Yes,Secondary,7,Yes,No
S1617,19,Female,EE,3.13,80.2,No,Secondary,11.8,Yes,No
S1618,23,Female,EE,2.85,89.93,Yes,Primary,12.9,Yes,No
S1619,27,Male,CS,1.61,54.97,No,Primary,10.8,Yes,Yes
S1620,17,Male,BA,3,83.02,No,Tertiary,3.3,Yes,No
S1621,18,Male,EE,2.22,50.66,No,Primary,,Yes,Yes
S1622,27,Male,CS,3.79,50.92,No,Primary,16.2,Yes,No
S1623,16,Male,EE,2.75,,No,Tertiary,14.1,Yes,No
S1624,16,Male,ME,2.2,60.8,No,Tertiary,18.6,Yes,No
S1625,28,Female,BA,2.95,81.08,,Secondary,15.2,Yes,No
S1626,18,Male,CE,4.02,95.82,Yes,Secondary,8.6,Yes,Yes
S1627,26,Female,EE,-2,72.27,No,Primary,18.2,Yes,Yes
S1628,20,Female,ME,3.18,90.42,Yes,None,16.3,Yes,No
S1629,27,Male,CE,1.94,87.57,No,Secondary,8.8,Yes,Yes
S1630,18,Female,CE,4.3,42.13,Yes,None,,Yes,No
S1631,16,Female,EE,2.5,64.01,No,Secondary,10.8,No,Yes
S1632,16,Female,CS,3.75,38.18,,Tertiary,13,No,No
S1633,23,Female,EE,2.74,77.75,No,Tertiary,15,Yes,No
S1634,25,Female,ME,,96.49,No,Primary,18.8,Yes,No
S1635,26,Female,CE,4.05,39.6,Yes,Secondary,,Yes,No
S1636,27,Male,EE,3.52,81.37,No,Secondary,13.8,Yes,No
S1637,28,Female,CS,3.6,74.26,Yes,Tertiary,,Yes,No
S1638,28,Female,EE,2.92,70.85,No,Primary,11.1,Yes,Yes
S1639,27,Female,BA,2.65,57.31,No,None,13,No,No
S1640,29,Male,CS,,54.86,Yes,Primary,22.1,No,No
S1641,17,Female,ME,2.73,33.17,No,Secondary,15.2,Yes,No
S1642,28,Male,CE,4.97,45.25,Yes,Secondary,4.6,Yes,No
S1643,18,Female,EE,2.21,31.06,Yes,Tertiary,8,Yes,No
S1644,17,Male,CS,3.8,70.7,No,Secondary,15.4,Yes,No
S1645,18,Male,BA,3.41,37.41,Yes,Primary,14.1,Yes,No
S1646,22,Female,CS,3.18,91.11,No,Secondary,12.8,Yes,No
S1647,16,Female,BA,4.18,,No,,22.8,Yes,No
S1648,25,Male,ME,3.24,,Yes,Tertiary,8.9,Yes,No
S1649,23,Female,CE,2.49,58.76,No,Tertiary,11.6,Yes,Yes
S1650,28,Male,ME,3.23,69.24,Yes,Tertiary,,No,No
S1651,25,Male,EE,2.85,95.99,No,Tertiary,17.8,Yes,No
S1652,25,Male,CS,3.4,35.79,Yes,Primary,8,Yes,No
S1653,25,Male,BA,3.65,47.78,Yes,None,17.3,Yes,No
S1654,29,Male,BA,2.31,84.6,Yes,Secondary,16.8,Yes,No
S1655,17,Female,CS,3.96,36.91,No,,23.7,Yes,No
S1656,18,Male,CS,2.8,35.3,No,Primary,15.2,Yes,No
S1657,24,Male,EE,3.35,55.31,No,None,10.2,No,No
S1658,22,Female,ME,3.49,36.45,No,Tertiary,14.3,Yes,No
S1659,19,Male,BA,3.29,70.96,No,None,8.2,Yes,No
S1660,25,Female,EE,2.91,45.84,No,Secondary,13.6,Yes,No
S1661,20,Female,ME,2.61,92.7,Yes,Secondary,11,No,No
S1662,17,Female,EE,2.78,84.85,No,Primary,11.6,Yes,Yes
S1663,28,Male,BA,4.25,78.98,No,None,7.5,Yes,No
S1664,26,Male,CS,2.31,73.19,,Tertiary,13.5,Yes,No
S1665,28,Male,CS,2.42,90.44,,Secondary,16.1,Yes,No
S1666,23,Female,ME,2.39,45.61,No,Tertiary,3.7,Yes,No
S1667,19,Male,CE,3.11,91.12,No,Secondary,8.6,Yes,No
S1668,24,Female,ME,1.78,85.26,No,,12.8,Yes,No
S1669,20,Male,CE,1.92,82.37,Yes,Tertiary,0.3,Yes,No
S1670,28,Female,EE,2.79,69.29,Yes,Secondary,20.7,Yes,Yes
S1671,24,Male,EE,1.97,47.24,Yes,Primary,8.4,Yes,No
S1672,19,Male,BA,2.03,,No,Tertiary,7.3,Yes,No
S1673,25,Male,CE,1.98,85.55,Yes,Primary,11,Yes,No
S1674,20,Female,BA,2.32,32.22,No,Primary,12.7,Yes,No
S1675,24,Female,CS,3.58,84.74,Yes,None,8.2,Yes,Yes
S1676,23,Male,CE,3.76,46.8,Yes,Secondary,16.9,No,No
S1677,18,Male,ME,4.54,40.1,No,Secondary,14,No,No
S1678,16,Female,CS,4.51,38.1,No,Secondary,7.8,Yes,No
S1679,18,Female,CS,3.63,31.91,Yes,Tertiary,9.4,Yes,No
S1680,19,Female,ME,3.82,66.65,No,Tertiary,4.4,Yes,No
S1681,17,Male,CS,3.1,45.28,No,Primary,5.7,No,No
S1682,16,Female,CE,3.42,99.26,Yes,None,13.9,Yes,No
S1683,22,Male,BA,-2,70.21,Yes,None,7.9,Yes,No
S1684,23,Female,CS,3.3,39.65,No,Primary,21,Yes,No
S1685,22,Male,CE,3.92,78.21,No,Secondary,12.4,No,No
S1686,29,Female,EE,2.25,92.84,Yes,Tertiary,50,Yes,Yes
S1687,20,Female,CE,2.47,82.16,No,Tertiary,6.3,Yes,No
S1688,27,Female,BA,3.25,35.35,No,,17.3,Yes,Yes
S1689,16,Female,CE,3.12,92.71,No,Secondary,11.6,Yes,Yes
S1690,22,Female,ME,2.5,85.58,No,Secondary,17,Yes,No
S1691,28,Male,BA,4.93,41.08,No,None,10.2,Yes,No
S1692,22,Female,EE,3.14,,No,Secondary,9.2,Yes,Yes
S1693,24,Female,ME,2.65,69.01,No,Tertiary,17.6,No,No
S1694,18,Female,CE,3.12,40.92,No,,7.7,Yes,No
S1695,24,Male,BA,3.02,88.42,No,,14.4,Yes,No
S1696,29,Female,EE,3.15,55.08,No,Secondary,10.9,Yes,No
S1697,16,Male,ME,1.73,,Yes,Primary,16.4,Yes,No
S1698,16,Female,EE,4.03,69.6,No,Secondary,21.1,Yes,No
S1699,29,Female,CE,4.08,42.79,No,Primary,,Yes,Yes
S1700,19,Male,EE,4.18,39.77,No,None,9.3,Yes,Yes
S1701,24,Female,CS,3.26,70.35,No,Secondary,15.3,No,Yes
S1702,21,Male,ME,3.53,83.33,No,Tertiary,6.6,No,No
S1703,28,Male,EE,2.31,84.71,Yes,Secondary,20.1,No,No
S1704,26,Female,CE,3.67,49.3,No,Secondary,19.2,Yes,No
S1705,18,Male,CE,,,No,Tertiary,7,Yes,No
S1706,16,Female,EE,2.63,31.17,Yes,Tertiary,4.1,Yes,No
S1707,19,Female,CE,3.69,77.54,Yes,Tertiary,6.2,Yes,No
S1708,27,Male,BA,3.72,35.36,No,Primary,6.3,Yes,No
S1709,28,Male,BA,3.05,59.45,Yes,Tertiary,16,Yes,No
S1710,24,Male,BA,3.35,72.12,Yes,Primary,19.7,Yes,Yes
S1711,18,Male,CS,2.17,95.6,No,Secondary,16,Yes,Yes
S1712,27,Female,EE,3.99,51.83,No,None,10.8,Yes,No
S1713,24,Female,CS,2.28,47.48,No,Secondary,13.7,Yes,No
S1714,22,Male,CE,2.44,75.79,No,Primary,7.7,Yes,No
S1715,27,Female,CS,,73.35,Yes,Secondary,17.5,Yes,No
S1716,29,Female,CE,3.89,53.25,No,Secondary,14.2,Yes,No
S1717,19,Female,CE,3.89,,No,Primary,15.9,Yes,No
S1718,18,Female,ME,3,89.14,No,,8.4,No,No
S1719,25,Male,BA,3.62,,No,Tertiary,11.2,Yes,No
S1720,20,Male,CE,1.65,46.74,No,Tertiary,15.6,No,No
S1721,20,Female,ME,2.42,65.86,No,,19.2,Yes,No
S1722,18,Male,BA,2.44,84.15,No,Tertiary,9,Yes,No
S1723,27,Male,CE,4,33.08,No,Secondary,15.9,Yes,No
S1724,24,Male,CE,3.52,78.53,No,Secondary,8.4,Yes,No
S1725,19,Female,CS,3.15,75.38,No,None,22.6,Yes,No
S1726,26,Female,CS,3.23,46.2,No,Secondary,9.9,Yes,No
S1727,20,Female,BA,4.25,77.69,No,Tertiary,15.2,Yes,Yes
S1728,19,Male,CE,2.86,95.81,No,Secondary,12.8,Yes,No
S1729,20,Female,EE,1.95,33.28,No,Secondary,25,Yes,No
S1730,22,Female,CS,3.87,52.38,No,Secondary,13.1,Yes,No
S1731,24,Male,BA,3.15,60.67,No,Primary,9.4,Yes,No
S1732,22,Female,CE,3.76,92.95,No,Tertiary,15.2,Yes,No
S1733,28,Female,CE,,97.36,No,Tertiary,15.1,Yes,No
S1734,20,Male,EE,2.33,61.09,No,Primary,11.2,Yes,No
S1735,25,Male,BA,3.32,82.5,No,Tertiary,6.5,Yes,No
S1736,25,Male,CE,3.01,67.22,No,,9.4,Yes,No
S1737,22,Female,CS,3.15,67.64,No,Tertiary,16.4,No,No
S1738,29,Female,EE,4.29,49.47,No,Secondary,3.3,Yes,No
S1739,25,Female,BA,2.12,45.19,No,Primary,10.8,Yes,No
S1740,20,Male,EE,3.23,50.16,Yes,Secondary,,Yes,Yes
S1741,18,Male,CS,2.34,68.94,No,Secondary,11.5,Yes,Yes
S1742,22,Female,BA,0.93,32.04,No,None,22.9,Yes,No
S1743,28,Female,EE,2.96,93.51,No,Secondary,3.3,Yes,No
S1744,26,Male,ME,3.02,40.94,No,Secondary,7.2,Yes,No
S1745,26,Male,CS,3.5,45.41,No,Tertiary,0.4,Yes,Yes
S1746,17,Male,CS,2.83,66.28,No,None,22,Yes,No
S1747,27,Male,CS,1.81,,No,Secondary,7.3,Yes,No
S1748,24,Female,ME,2.34,36.7,No,None,2.1,Yes,Yes
S1749,25,Male,ME,4.05,52.24,No,Tertiary,8.9,Yes,No
S1750,25,Female,CE,-2,97.81,Yes,None,5,No,No
S1751,27,Female,EE,4.27,48.36,,Tertiary,9,Yes,No
S1752,16,Female,CE,3.84,,No,Tertiary,12.2,Yes,No
S1753,28,Male,EE,2.75,88.55,Yes,Secondary,16,Yes,No
S1754,21,Male,ME,2.42,33.52,No,Secondary,11.1,No,Yes
S1755,22,Male,ME,3.84,62.52,No,Primary,12.1,Yes,No
S1756,29,Male,CE,,56.57,Yes,Primary,9.1,Yes,Yes
S1757,28,Female,BA,1.76,52.16,No,Tertiary,4.4,Yes,No
S1758,23,Male,CE,3.45,50,Yes,Tertiary,2.8,Yes,Yes
S1759,25,Male,EE,3.33,36.4,No,None,10.2,Yes,No
S1760,24,Female,CE,3.91,52.04,No,Secondary,12.4,Yes,No
S1761,17,Male,CS,3.28,33.01,No,Tertiary,9.8,No,Yes
S1762,26,Female,EE,2.56,84.67,Yes,,3,Yes,No
S1763,25,Female,EE,4.02,57.88,Yes,,13,Yes,No
S1764,17,Female,BA,4.09,61.07,Yes,Primary,20.1,Yes,No
S1765,20,Female,ME,3.19,92.55,No,Primary,11.4,Yes,No
S1766,28,Female,EE,3.05,76.06,Yes,Tertiary,,No,Yes
S1767,20,Female,ME,1.94,30.56,No,Secondary,11.7,Yes,No
S1768,21,Female,CE,2.51,96.02,Yes,Secondary,6.5,Yes,No
S1769,18,Female,CS,3.61,46.6,No,Tertiary,6.2,Yes,Yes
S1770,23,Male,BA,2.55,37.53,Yes,Secondary,14.3,Yes,No
S1771,28,Male,ME,1.83,83.77,Yes,Tertiary,17,Yes,No
S1772,16,Male,EE,5,65.03,No,Secondary,11.3,No,No
S1773,21,Male,ME,1.83,60.36,Yes,Primary,2.1,No,No
S1774,19,Female,EE,4.81,47.47,Yes,Tertiary,13.8,Yes,No
S1775,16,Male,ME,2.75,68.32,No,Secondary,22.3,Yes,No
S1776,22,Female,EE,2.93,49.21,,Primary,10.8,Yes,Yes
S1777,24,Male,CE,2.46,93.11,No,Secondary,11.1,No,Yes
S1778,28,Male,EE,3.63,45.06,Yes,None,7.6,Yes,Yes
S1779,19,Male,EE,1.85,91.9,No,Secondary,60,Yes,Yes
S1780,19,Female,CS,1.53,69.16,Yes,Tertiary,8.6,Yes,Yes
S1781,21,Male,EE,4.29,87.99,Yes,Tertiary,17.1,Yes,No
S1782,27,Female,CS,2.36,79.9,No,Tertiary,8.7,No,No
S1783,18,Female,BA,3.6,78.77,No,Primary,13.7,Yes,No
S1784,28,Male,CS,2.13,52.7,Yes,Secondary,11.8,Yes,Yes
S1785,27,Male,CE,3.57,46.37,No,None,19.8,Yes,No
S1786,21,Male,CS,4.35,44.76,Yes,Tertiary,14,Yes,No
S1787,22,Female,BA,2.58,90,No,Secondary,18.9,Yes,No
S1788,26,Male,CE,1.45,87.43,Yes,Secondary,12.5,Yes,No
S1789,25,Female,ME,4.35,60.84,Yes,Tertiary,11.1,Yes,No
S1790,25,Female,ME,3.74,39.27,No,Secondary,11.8,Yes,No
S1791,18,Male,CS,2.62,56.76,No,Secondary,8.1,Yes,No
S1792,22,Male,CS,2.83,73.35,,Tertiary,,Yes,Yes
S1793,29,Female,BA,,61.81,Yes,,8.5,Yes,No
S1794,18,Female,BA,4.14,84.61,Yes,Primary,12.6,Yes,No
S1795,28,Female,EE,,99.83,No,Secondary,16.3,Yes,Yes
S1796,28,Male,BA,1.87,43.38,Yes,Tertiary,19.9,Yes,No
S1797,17,Female,EE,3.17,62.18,No,None,12.8,Yes,No
S1798,27,Male,CE,2.31,60.17,Yes,Secondary,16.3,Yes,No
S1799,29,Female,CS,2.18,51.31,No,Primary,15.7,No,Yes
S1800,25,Female,CE,2.66,43.87,No,Secondary,10.1,Yes,No
S1801,19,Male,BA,3.07,34.6,Yes,None,22.5,Yes,No
S1802,27,Female,CE,,92.1,No,Secondary,9.1,Yes,No
S1803,23,Male,CE,4.11,59.39,No,Primary,,Yes,Yes
S1804,28,Male,CE,3.54,64.78,Yes,Secondary,19.3,No,No
S1805,24,Female,BA,2.71,94.19,,Tertiary,19.1,Yes,No
S1806,22,Male,CE,2.28,84.34,,Tertiary,12.1,No,No
S1807,16,Male,EE,2.93,39.14,Yes,Tertiary,17,Yes,Yes
S1808,18,Female,BA,3.72,69.58,No,Secondary,10.9,No,No
S1809,28,Male,CE,3.6,60.96,Yes,None,9.6,No,No
S1810,27,Male,BA,3.85,85.8,No,Primary,5.9,No,Yes
S1811,29,Male,ME,-2,80.7,No,Tertiary,,Yes,No
S1812,24,Female,EE,0.66,78.33,No,Secondary,16.1,Yes,No
S1813,27,Male,CE,4,53.84,No,Primary,9.2,Yes,No
S1814,16,Female,ME,2.87,86.35,No,Tertiary,13.3,Yes,No
S1815,24,Female,ME,3.53,33.67,No,Primary,25.3,No,Yes
S1816,23,Male,BA,4.34,41.17,Yes,Primary,17.7,Yes,No
S1817,16,Male,ME,4.95,53.49,No,Tertiary,7.5,No,No
S1818,21,Male,EE,2.48,35.38,Yes,Tertiary,17,Yes,No
S1819,20,Female,EE,3.11,46.45,No,Secondary,7.5,Yes,No
S1820,21,Male,CS,4.09,88.11,No,Tertiary,0,Yes,No
S1821,25,Male,EE,2.32,,Yes,Secondary,11.9,Yes,No
S1822,27,Male,ME,2.53,51.32,Yes,Tertiary,19.8,Yes,No
S1823,28,Male,EE,2.53,48.52,Yes,None,19,Yes,No
S1824,28,Male,BA,2.98,49.59,No,Primary,13.9,No,No
S1825,28,Female,CS,2.82,49.44,No,Secondary,9.3,Yes,No
S1826,20,Female,ME,2.52,32.52,No,Tertiary,14.4,Yes,No
S1827,21,Male,CS,2.23,94.88,No,Secondary,10.7,Yes,Yes
S1828,20,Male,ME,6.5,44.96,No,Primary,9.4,Yes,Yes
S1829,26,Male,BA,4.07,59.4,Yes,Primary,17.3,Yes,No
S1830,27,Male,CS,4.19,30.68,,Tertiary,9.4,Yes,Yes
S1831,20,Female,CE,2.62,90.06,No,,17.6,Yes,Yes
S1832,19,Male,ME,3.68,,No,Secondary,,Yes,No
S1833,18,Female,CE,3.19,96.27,Yes,None,22.3,Yes,Yes
S1834,18,Female,CS,2.54,84.71,Yes,None,3.8,No,No
S1835,19,Male,CE,3.59,51.96,,Secondary,7.2,Yes,No
S1836,24,Female,CE,2.51,47.35,No,,60,Yes,Yes
S1837,17,Female,CS,2.7,,Yes,Secondary,2.1,Yes,No
S1838,24,Female,BA,1.9,55.49,No,,0,Yes,Yes
S1839,16,Female,CE,,69.64,No,Tertiary,2.1,Yes,No
S1840,29,Male,CE,3.2,30.44,Yes,Primary,10.5,Yes,No
S1841,16,Male,BA,,34.33,No,Secondary,10.7,Yes,Yes
S1842,20,Female,CE,2.72,67.48,No,Tertiary,13.7,Yes,Yes
S1843,21,Male,CE,,,No,Primary,11,Yes,No
S1844,21,Male,CE,4.2,82.6,No,,13.5,Yes,Yes
S1845,18,Male,EE,2.6,39.24,No,Primary,9.7,Yes,No
S1846,22,Male,BA,1.6,65.92,No,Secondary,15.6,Yes,No
S1847,24,Male,CE,3.11,43.61,,Secondary,,Yes,No
S1848,26,Female,BA,2.74,36.52,Yes,Tertiary,10.4,Yes,No
S1849,27,Male,ME,4.84,58.73,Yes,Primary,14.7,Yes,No
S1850,25,Male,ME,3.38,41.43,,Secondary,11,Yes,No
S1851,23,Male,CE,2.88,45.52,Yes,Tertiary,4.4,Yes,Yes
S1852,21,Male,BA,2.26,52.23,Yes,Secondary,16.5,No,No
S1853,27,Female,BA,3.26,48.16,Yes,Secondary,7.5,Yes,No
S1854,23,Female,BA,4.17,36.13,No,Primary,16.5,Yes,No
S1855,27,Female,EE,3.25,36.29,,Tertiary,13.6,Yes,No
S1856,20,Female,ME,2.32,43.53,No,None,11.6,Yes,No
S1857,23,Male,BA,3.43,33.54,No,None,2.6,Yes,No
S1858,25,Female,BA,2.96,73.85,No,Secondary,19.7,Yes,No
S1859,27,Male,EE,3.36,50.11,No,Secondary,10.2,Yes,No
S1860,19,Male,EE,2.72,49.58,No,Tertiary,15.2,No,No
S1861,25,Male,BA,2.7,53.24,Yes,Tertiary,11.4,Yes,Yes
S1862,23,Male,CS,2.67,76.4,No,Tertiary,10.6,Yes,No
S1863,25,Male,BA,3.75,90.94,No,Tertiary,13,Yes,No
S1864,27,Female,BA,2.71,83.14,No,Secondary,12.1,Yes,No
S1865,17,Female,EE,2.63,80.93,Yes,Primary,10.7,Yes,No
S1866,27,Female,EE,2.25,63.91,,Tertiary,11.7,Yes,No
S1867,27,Female,BA,3.36,78.57,No,Primary,14.1,Yes,Yes
S1868,20,Male,BA,3.25,68.69,No,Secondary,14.5,Yes,No
S1869,24,Female,BA,2.64,45.14,Yes,Tertiary,12.2,Yes,No
S1870,19,Male,EE,2.43,44.6,Yes,Secondary,15.1,Yes,Yes
S1871,26,Female,BA,4.5,50.75,No,Tertiary,9.9,No,Yes
S1872,21,Male,BA,1.5,93.76,No,Primary,23.1,Yes,No
S1873,16,Male,CE,3.39,68.32,Yes,Secondary,19.4,Yes,No
S1874,24,Female,CS,4.03,81.37,No,None,15.8,Yes,No
S1875,16,Male,ME,,54.26,Yes,Secondary,2.3,Yes,No
S1876,20,Male,CS,3.64,58.54,Yes,Tertiary,15,Yes,No
S1877,19,Female,CE,2.82,38.79,No,Secondary,10.3,Yes,No
S1878,28,Male,ME,3.2,41.99,Yes,Primary,7.1,Yes,No
S1879,27,Female,BA,2.74,87.91,No,None,10.2,Yes,No
S1880,28,Female,CE,3.86,70.94,No,Primary,7.7,Yes,No
S1881,28,Female,BA,3.29,53.63,No,,14.5,Yes,No
S1882,29,Male,EE,3.11,86.2,Yes,Tertiary,20.1,Yes,No
S1883,18,Male,CE,,47.26,Yes,Primary,16.1,Yes,No
S1884,28,Male,EE,4.51,98.32,Yes,Tertiary,25.8,No,No
S1885,21,Female,CE,3.01,54.14,No,Tertiary,4.2,Yes,No
S1886,17,Male,CE,4.83,53.61,No,Secondary,9.5,No,No
S1887,18,Female,EE,4.54,51.83,,Secondary,7.3,Yes,No
S1888,20,Female,ME,1.58,38.55,No,Tertiary,18.1,Yes,No
S1889,24,Male,CS,2.48,37.78,,Primary,10.9,Yes,No
S1890,17,Female,BA,2.17,75.37,No,Primary,12.9,Yes,No
S1891,25,Male,CE,2.96,91.26,Yes,None,15.2,Yes,No
S1892,23,Male,BA,3.15,85.34,Yes,Tertiary,4.7,Yes,No
S1893,29,Male,EE,3.18,39.88,No,Tertiary,8.9,Yes,No
S1894,17,Male,BA,3.84,68.19,Yes,Tertiary,17,No,Yes
S1895,26,Male,EE,4.19,37.39,Yes,None,9.3,Yes,No
S1896,28,Female,BA,3.77,33.17,No,Secondary,3.4,Yes,Yes
S1897,20,Female,CS,2.55,75.95,No,,7.5,Yes,Yes
S1898,22,Female,CS,2.37,67.46,Yes,None,10.6,Yes,No
S1899,23,Male,CS,3,35.74,No,Secondary,12.8,Yes,No
S1900,16,Male,CS,3.34,32.45,No,Tertiary,11.6,Yes,No
S1901,21,Male,CS,2.85,99.28,No,Tertiary,8.9,Yes,Yes
S1902,16,Female,CS,1.92,32.1,,Secondary,16.7,Yes,Yes
S1903,17,Male,EE,3.55,61.12,Yes,None,11.4,Yes,No
S1904,16,Female,CE,,65.32,No,Primary,13,No,No
S1905,26,Female,BA,2.66,38.21,No,Secondary,9.2,Yes,No
S1906,20,Male,CS,2.96,41.83,No,Tertiary,19.5,Yes,No
S1907,25,Male,EE,2.81,54.63,No,Tertiary,10,Yes,No
S1908,24,Female,EE,2.71,83.32,Yes,Secondary,12.4,No,No
S1909,21,Male,EE,1.98,65.5,Yes,Secondary,17.2,Yes,No
S1910,26,Female,CE,2.91,,No,None,13.4,No,No
S1911,26,Male,BA,3.56,98.96,Yes,Primary,13.3,No,No
S1912,16,Male,CE,3.21,83.76,Yes,Secondary,2.1,No,No
S1913,28,Female,ME,3.76,60.41,No,Primary,15.4,Yes,No
S1914,16,Male,EE,2.42,61.25,Yes,Secondary,12.3,Yes,No
S1915,17,Female,ME,1.98,73.31,Yes,Tertiary,14.7,Yes,No
S1916,24,Male,CS,2.8,76.58,No,Secondary,12.9,Yes,No
S1917,18,Female,CS,2.51,65.05,Yes,None,9.2,Yes,Yes
S1918,16,Female,CE,2.59,75.14,Yes,Primary,16.5,Yes,No
S1919,20,Male,BA,3.17,31.65,No,Secondary,13,Yes,No
S1920,22,Female,ME,2.6,,No,Secondary,5.6,Yes,No
S1921,21,Male,BA,2,49.53,Yes,Secondary,,Yes,No
S1922,27,Male,CE,2.55,39.04,No,Secondary,4.8,Yes,Yes
S1923,16,Male,CS,3.27,,Yes,Secondary,16.5,Yes,No
S1924,20,Female,BA,3.54,72.22,No,Tertiary,19.4,Yes,No
S1925,20,Female,BA,3.53,66.65,No,Secondary,6.5,Yes,Yes
S1926,21,Male,CS,3.34,47.75,No,Tertiary,11.4,No,No
S1927,18,Male,ME,2.87,62.97,No,Secondary,10.9,Yes,No
S1928,20,Female,CS,3.32,64.46,,None,11.1,Yes,No
S1929,22,Male,BA,2.97,43.65,Yes,Secondary,21.2,Yes,No
S1930,20,Male,ME,3.09,75.65,No,Secondary,6.5,Yes,No
S1931,20,Female,ME,2.25,84.66,Yes,Tertiary,10.5,Yes,Yes
S1932,20,Male,CS,,85.4,Yes,Tertiary,19.5,Yes,No
S1933,25,Female,BA,3.3,72.17,No,Tertiary,10.4,Yes,No
S1934,25,Male,CE,,65.81,No,,7.3,Yes,Yes
S1935,18,Female,BA,1.97,34.27,No,Secondary,13.3,Yes,No
S1936,16,Male,EE,3.08,50.15,,Secondary,16,Yes,No
S1937,20,Male,CE,1.84,36.53,No,Secondary,10,Yes,No
S1938,29,Female,ME,3.14,97.47,Yes,Tertiary,14.8,Yes,No
S1939,24,Male,CE,2.44,39.46,Yes,Tertiary,5.1,Yes,No
S1940,29,Female,ME,4.36,40.62,No,Primary,5.4,Yes,No
S1941,16,Male,ME,3.1,92.27,Yes,Tertiary,9.8,Yes,No
S1942,18,Female,CE,3.64,96.07,Yes,Primary,15,No,No
S1943,28,Female,ME,4.69,83.61,No,Secondary,15.8,Yes,No
S1944,28,Female,ME,2.35,30.38,Yes,Primary,,Yes,No
S1945,19,Female,EE,3.35,30.09,,Secondary,15.6,No,No
S1946,29,Male,BA,,56.47,Yes,,12.8,Yes,No
S1947,16,Male,BA,3.28,40.04,No,Primary,7.6,Yes,No
S1948,16,Female,EE,4.41,31.29,No,None,5.3,No,No
S1949,23,Female,CE,2.5,62.48,No,Primary,13.1,Yes,Yes
S1950,17,Female,CS,2.29,96.01,No,Secondary,18.4,Yes,No
S1951,27,Male,CS,2.93,52.67,No,Secondary,12.2,Yes,No
S1952,23,Male,CS,4.64,76.28,No,Primary,7.3,Yes,No
S1953,22,Male,EE,3.62,75.66,Yes,Primary,2.7,Yes,No
S1954,25,Male,EE,6.5,47.58,Yes,Secondary,19.6,No,No
S1955,25,Female,ME,4.16,75.53,No,Primary,17.2,Yes,Yes
S1956,17,Female,CS,1.68,44.86,Yes,Tertiary,13.5,Yes,No
S1957,21,Female,CE,4.71,38.54,No,None,19.4,No,Yes
S1958,21,Male,CE,3.69,,No,Secondary,13.1,Yes,Yes
S1959,18,Male,CS,4.41,37.94,No,Primary,9.3,Yes,No
S1960,26,Male,CS,1.68,99.78,No,Secondary,14.8,Yes,No
S1961,17,Female,CS,3.14,42.84,No,Primary,7.9,Yes,Yes
S1962,27,Female,EE,2.89,71.59,,Tertiary,7,Yes,Yes
S1963,16,Male,EE,2.19,58.8,No,Tertiary,15.9,Yes,No
S1964,21,Female,EE,1.96,38.85,No,Tertiary,,No,No
S1965,27,Male,BA,3.41,31.95,No,,5.6,No,Yes
S1966,20,Male,CE,3.48,73.59,Yes,Secondary,5.8,Yes,No
S1967,29,Female,CE,4.04,86.47,Yes,Tertiary,9.8,Yes,No
S1968,29,Male,ME,2.6,88.94,Yes,Secondary,8.4,Yes,No
S1969,26,Female,EE,2.89,,No,Primary,14.4,Yes,No
S1970,24,Male,BA,1.89,84.42,No,Tertiary,12.2,Yes,Yes
S1971,16,Female,BA,4.23,77.1,Yes,Secondary,17.8,Yes,No
S1972,22,Female,CE,3.06,80.7,No,Primary,13.6,Yes,No
S1973,20,Female,EE,3.58,64.48,Yes,Primary,8.8,Yes,No
S1974,20,Male,ME,3.61,74.34,No,Primary,2.5,Yes,No
S1975,29,Male,EE,4.17,86.39,No,Secondary,12.9,Yes,No
S1976,17,Female,CS,2.33,,Yes,Primary,3.4,Yes,Yes
S1977,26,Female,EE,3.56,86.42,No,Primary,8.7,Yes,Yes
S1978,18,Male,CS,2.98,71.44,No,Primary,8.4,Yes,Yes
S1979,22,Male,CS,4.68,41.61,No,Secondary,9.5,Yes,No
S1980,21,Male,ME,2.33,31.73,No,Tertiary,5.4,Yes,No
S1981,27,Female,CE,3.94,55.39,No,Secondary,8.4,Yes,No
S1982,17,Male,EE,3.28,68.27,Yes,None,17.7,Yes,Yes
S1983,21,Male,CS,3.24,88.79,No,Primary,17.7,Yes,No
S1984,17,Female,EE,3.04,38.92,No,Tertiary,19.7,Yes,No
S1985,17,Male,CE,4.08,86.01,No,Secondary,12.1,Yes,No
S1986,17,Male,CE,3.21,90.41,Yes,Secondary,13.4,Yes,No
S1987,29,Male,BA,1.78,,Yes,None,17.8,No,Yes
S1988,26,Female,CE,3.98,89.61,Yes,Tertiary,4.6,Yes,No
S1989,18,Female,ME,3.83,99.4,Yes,Secondary,16,No,No
S1990,17,Female,CS,3.47,80.88,Yes,Primary,,Yes,Yes
S1991,19,Female,BA,2.1,84.93,,Primary,7.6,Yes,No
S1992,24,Female,ME,2.22,99.61,Yes,Secondary,18.9,Yes,No
S1993,21,Female,EE,1.5,72.38,Yes,Tertiary,22.3,Yes,No
S1994,16,Female,CS,3.37,51.55,No,Tertiary,15.9,Yes,No
S1995,23,Male,CE,1.92,88.63,Yes,Secondary,15,Yes,Yes
S1996,27,Male,CS,1.62,73.01,Yes,Tertiary,6.4,Yes,No
S1997,29,Female,EE,4.02,,Yes,Primary,17.3,Yes,No
S1998,22,Male,BA,3.61,47.75,Yes,Secondary,6.9,Yes,Yes
S1999,25,Male,BA,2.73,82.94,No,Secondary,13.8,Yes,No
